{"stats":{"minecraft:dropped":{"minecraft:iron_sword":1,"minecraft:brown_mushroom":2,"mysticalworld:aubergine_seeds":1,"minecraft:lapis_lazuli":5,"minecraft:cooked_beef":2,"minecraft:baked_potato":27,"minecraft:mossy_cobblestone":1,"minecraft:glass_bottle":18,"mmorpg:ingredient/lotus_petals":1,"mmorpg:stat_soul/stat_soul":2,"minecraft:feather":2,"minecraft:cobblestone":67,"mmorpg:ingredient/red_coral":1,"minecraft:cracked_stone_bricks":2,"minecraft:golden_apple":2,"minecraft:stick":23,"minecraft:dirt":2,"minecraft:wooden_axe":1,"mmorpg:ingredient/ectoplasm":3,"minecraft:potion":1,"gravestone:obituary":28,"minecraft:wooden_sword":2,"minecraft:string":8,"minecraft:bone":5,"spartanweaponry:saber_iron":3,"minecraft:iron_nugget":2,"minecraft:coarse_dirt":1,"minecraft:stone_sword":1,"minecraft:bowl":1,"minecraft:rotten_flesh":17,"minecraft:iron_boots":2,"minecraft:diamond_shovel":1,"minecraft:nether_bricks":1,"minecraft:shield":1,"mmorpg:gems/ruby/0":1,"minecraft:gunpowder":2,"minecraft:iron_bars":6,"minecraft:stone_pickaxe":2,"minecraft:bow":1,"minecraft:wooden_pickaxe":1,"mmorpg:gems/amethyst/0":1},"minecraft:killed_by":{"aoa3:bomb_carrier":1,"minecraft:zombie_villager":1,"minecraft:stray":2,"minecraft:skeleton":1,"minecraft:witch":1,"minecraft:zombie":9,"aoa3:snow_charger":2,"iceandfire:ghost":6,"aoa3:yeti":1,"duneons:frozenzombie":1},"minecraft:picked_up":{"minecraft:wooden_axe":1,"mmorpg:ingredient/ender_cream":9,"minecraft:coarse_dirt":1,"minecraft:crafting_table":6,"aoa3:ice_crystal":2,"iceandfire:witherbone":2,"aoa3:copper_coin":9,"minecraft:leather_leggings":2,"minecraft:brown_mushroom":2,"minecraft:wooden_pickaxe":1,"minecraft:enchanted_book":2,"minecraft:wither_rose":2,"minecraft:potion":8,"aoa3:limonite_ore":1,"minecraft:stone_brick_stairs":5,"gravestone:obituary":3,"minecraft:shield":1,"minecraft:string":30,"minecraft:red_bed":1,"minecraft:wooden_sword":2,"minecraft:red_nether_bricks":1,"minecraft:iron_leggings":1,"aoa3:jade":1,"mmorpg:loot_crate/default":6,"minecraft:cracked_stone_bricks":7,"minecraft:dark_prismarine_stairs":8,"minecraft:spruce_planks":12,"aoa3:raw_charger_shank":4,"minecraft:iron_nugget":1,"minecraft:poppy":2,"minecraft:sugar_cane":5,"minecraft:iron_boots":5,"minecraft:tipped_arrow":2,"minecraft:stick":5,"minecraft:torch":28,"minecraft:bowl":1,"mysticalworld:silkworm_egg":1,"mmorpg:ingredient/fire_stone":3,"minecraft:golden_chestplate":1,"minecraft:tnt":2,"minecraft:stone_sword":1,"minecraft:arrow":25,"minecraft:rotten_flesh":63,"minecraft:nether_bricks":5,"mysticalworld:aubergine_seeds":1,"mmorpg:ingredient/guardian_scales":6,"minecraft:white_terracotta":1,"minecraft:iron_bars":19,"minecraft:cobblestone":128,"mmorpg:ingredient/lotus_petals":2,"minecraft:magma_block":1,"minecraft:leather_chestplate":1,"minecraft:feather":8,"minecraft:cooked_beef":4,"mysticalworld:copper_ore":3,"minecraft:water_bucket":1,"minecraft:andesite":2,"minecraft:leather":2,"minecraft:potato":148,"minecraft:ice":3,"mmorpg:ingredient/crystal_blue_rock":2,"minecraft:stripped_spruce_wood":6,"minecraft:nether_wart_block":1,"minecraft:gunpowder":2,"minecraft:blue_bed":1,"mmorpg:ingredient/red_coral":1,"mmorpg:ingredient/ectoplasm":3,"mmorpg:ingredient/crystal_beryl":3,"minecraft:lapis_lazuli":5,"minecraft:dirt":48,"minecraft:leather_boots":1,"minecraft:bone":23,"tetra:scroll_rolled":3,"minecraft:stone_bricks":6,"minecraft:bow":3,"minecraft:stone_pickaxe":2,"minecraft:iron_ingot":1,"aoa3:tea_seeds":1,"mmorpg:ingredient/sage_flower":1,"minecraft:glass_bottle":34,"spartanweaponry:saber_iron":5,"minecraft:iron_sword":2,"minecraft:soul_sand":5,"minecraft:mossy_stone_brick_stairs":3,"minecraft:book":3,"mmorpg:ingredient/bone_figurine":1,"minecraft:gravel":1,"minecraft:spruce_sapling":2,"minecraft:nether_brick_stairs":1,"minecraft:white_bed":1,"minecraft:spruce_log":23,"minecraft:spruce_door":1,"minecraft:spider_eye":12,"minecraft:mossy_cobblestone":1,"minecraft:dark_prismarine":5,"travelersbackpack:standard":3,"minecraft:diamond_shovel":2,"minecraft:light_blue_terracotta":2,"minecraft:iron_helmet":1,"minecraft:golden_apple":5,"minecraft:bread":1,"minecraft:baked_potato":3,"mmorpg:stat_soul/stat_soul":15,"minecraft:coal":28,"minecraft:diamond_pickaxe":1},"minecraft:used":{"aoa3:cooked_charger_shank":4,"minecraft:stone_sword":245,"minecraft:iron_bars":2,"minecraft:spruce_planks":53,"minecraft:shield":198,"minecraft:iron_sword":437,"aoa3:raw_charger_shank":1,"minecraft:torch":59,"minecraft:soul_sand":4,"minecraft:dirt":46,"minecraft:nether_bricks":4,"minecraft:carrot":7,"tetra:scroll_rolled":3,"minecraft:wooden_axe":59,"minecraft:stone_brick_stairs":2,"minecraft:stone_bricks":6,"carryon:tile_item":2,"minecraft:magma_block":1,"minecraft:cooked_beef":4,"minecraft:potato":109,"minecraft:dark_prismarine_stairs":1,"minecraft:water_bucket":15,"minecraft:baked_potato":34,"minecraft:spruce_door":1,"minecraft:stone_pickaxe":83,"minecraft:glass_bottle":57,"minecraft:red_nether_bricks":1,"minecraft:mossy_stone_brick_stairs":1,"minecraft:wooden_pickaxe":199,"minecraft:cracked_stone_bricks":5,"minecraft:golden_apple":3,"minecraft:tnt":1,"minecraft:crafting_table":7,"minecraft:red_bed":1,"aoa3:limonite_ore":1,"minecraft:dark_prismarine":5,"minecraft:wooden_hoe":21,"minecraft:apple":3,"minecraft:bread":1,"minecraft:map":1,"mmorpg:weapon/staff/iron":4,"minecraft:gravel":1,"minecraft:nether_wart_block":1,"spartanweaponry:saber_iron":220,"mysticalworld:copper_ore":3,"minecraft:cobblestone":15,"minecraft:wooden_sword":184,"minecraft:potion":63,"travelersbackpack:standard":10,"minecraft:andesite":2,"minecraft:bucket":14,"minecraft:ice":3,"minecraft:wither_rose":1,"minecraft:bone_meal":75},"minecraft:killed":{"iceandfire:hippogryph":1,"minecraft:cave_spider":4,"minecraft:spider":23,"aoa3:snow_charger":5,"minecraft:skeleton":15,"aoa3:yeti":10,"duneons:frozenzombie":1,"minecraft:zombie_villager":2,"aoa3:night_reaper":1,"minecraft:bat":1,"aoa3:void_walker":1,"dungeonsmod:pice":2,"minecraft:creeper":1,"aoa3:bugeye":1,"minecraft:zombie":56,"iceandfire:ghost":2,"minecraft:stray":3,"minecraft:wither_skeleton":1},"minecraft:custom":{"minecraft:mob_kills":148,"minecraft:interact_with_crafting_table":38,"minecraft:leave_game":13,"minecraft:time_since_death":33582,"minecraft:climb_one_cm":19455,"minecraft:sprint_one_cm":897000,"minecraft:walk_one_cm":1372010,"minecraft:damage_blocked_by_shield":6400,"minecraft:drop":145,"minecraft:deaths":25,"minecraft:sneak_time":4479,"minecraft:walk_under_water_one_cm":6835,"minecraft:interact_with_lectern":1,"minecraft:jump":4788,"minecraft:walk_on_water_one_cm":19434,"minecraft:interact_with_furnace":18,"minecraft:play_one_minute":442780,"minecraft:sleep_in_bed":3,"minecraft:time_since_rest":33610,"minecraft:damage_taken":26009,"minecraft:damage_absorbed":12149,"minecraft:trigger_trapped_chest":2,"minecraft:damage_dealt":36078,"minecraft:fly_one_cm":827861,"minecraft:open_chest":172,"minecraft:crouch_one_cm":2923,"minecraft:fall_one_cm":119705},"minecraft:crafted":{"minecraft:wooden_sword":5,"mysticalworld:silver_sword":1,"minecraft:bone_meal":75,"aoa3:cooked_charger_shank":4,"minecraft:iron_axe":1,"mmorpg:jewelry/ring/iron":1,"minecraft:crafting_table":2,"minecraft:spruce_planks":116,"minecraft:wooden_pickaxe":5,"minecraft:baked_potato":62,"minecraft:iron_sword":3,"spartanweaponry:handle":1,"mmorpg:jewelry/necklace/iron":1,"spartanweaponry:saber_iron":1,"tetra:modular_toolbelt":1,"minecraft:iron_chestplate":1,"minecraft:wooden_hoe":1,"minecraft:shield":3,"minecraft:stick":64,"duneons:rapier":1,"minecraft:iron_ingot":2,"minecraft:iron_pickaxe":1,"minecraft:wooden_axe":2,"minecraft:stone_sword":2,"minecraft:torch":64},"minecraft:broken":{"minecraft:stone_sword":1,"minecraft:leather_leggings":3,"minecraft:leather_chestplate":2,"minecraft:wooden_pickaxe":2,"mmorpg:weapon/staff/iron":1,"minecraft:shield":2,"spartanweaponry:saber_iron":1,"minecraft:wooden_sword":3,"minecraft:leather_boots":2,"minecraft:iron_sword":2,"minecraft:wooden_axe":1},"minecraft:mined":{"minecraft:dark_prismarine_stairs":8,"minecraft:dark_prismarine":5,"minecraft:spruce_planks":9,"minecraft:white_bed":1,"minecraft:mossy_cobblestone":1,"minecraft:cobblestone_stairs":1,"minecraft:red_nether_bricks":1,"mysticalworld:copper_ore":3,"minecraft:granite":2,"minecraft:nether_bricks":3,"gravestone:gravestone":24,"minecraft:grass_block":7,"minecraft:brick_stairs":2,"minecraft:spruce_leaves":3,"minecraft:frosted_ice":1,"minecraft:spawner":23,"minecraft:magma_block":1,"minecraft:andesite":2,"minecraft:nether_brick_stairs":3,"minecraft:mossy_stone_brick_stairs":3,"minecraft:bookshelf":1,"minecraft:potatoes":44,"minecraft:vine":2,"minecraft:iron_bars":11,"minecraft:stone":101,"minecraft:brown_mushroom":1,"minecraft:red_bed":1,"minecraft:soul_sand":5,"tetra:scroll_rolled":3,"travelersbackpack:standard":2,"minecraft:spruce_door":1,"minecraft:polished_granite":1,"minecraft:crafting_table":6,"minecraft:torch":1,"minecraft:poppy":2,"minecraft:tall_grass":2,"minecraft:cobblestone":17,"minecraft:bricks":11,"minecraft:blue_bed":1,"minecraft:wall_torch":4,"aoa3:limonite_ore":1,"minecraft:white_terracotta":2,"minecraft:light_blue_terracotta":2,"minecraft:coarse_dirt":1,"minecraft:stripped_spruce_wood":6,"minecraft:nether_wart_block":2,"minecraft:ice":4,"minecraft:blue_ice":1,"minecraft:spruce_log":24,"minecraft:stone_brick_stairs":5,"minecraft:wither_rose":2,"minecraft:grass":6,"minecraft:coal_ore":25,"minecraft:gravel":1,"minecraft:dirt":40,"minecraft:cracked_stone_bricks":10,"ars_nouveau:arcane_ore":1,"minecraft:stone_bricks":9,"minecraft:fern":1}},"DataVersion":2586}